<?xml version="1.0" encoding="UTF-8"?>
<root>
  <item name="com.wingoflights.pilotstation.api.lib.drone.companion.solo.tlv.SoloGoproRecord SoloGoproRecord(int) 0">
    <annotation name="android.support.annotation.IntDef">
      <val name="value" val="{com.wingoflights.pilotstation.api.lib.drone.companion.solo.tlv.SoloGoproConstants.STOP_RECORDING, com.wingoflights.pilotstation.api.lib.drone.companion.solo.tlv.SoloGoproConstants.START_RECORDING, com.wingoflights.pilotstation.api.lib.drone.companion.solo.tlv.SoloGoproConstants.TOGGLE_RECORDING}" />
    </annotation>
  </item>
  <item name="com.wingoflights.pilotstation.api.lib.drone.companion.solo.tlv.SoloGoproRecord int getRecordCommand()">
    <annotation name="android.support.annotation.IntDef">
      <val name="value" val="{com.wingoflights.pilotstation.api.lib.drone.companion.solo.tlv.SoloGoproConstants.STOP_RECORDING, com.wingoflights.pilotstation.api.lib.drone.companion.solo.tlv.SoloGoproConstants.START_RECORDING, com.wingoflights.pilotstation.api.lib.drone.companion.solo.tlv.SoloGoproConstants.TOGGLE_RECORDING}" />
    </annotation>
  </item>
  <item name="com.wingoflights.pilotstation.api.lib.drone.companion.solo.tlv.SoloGoproRecord void setRecordCommand(int) 0">
    <annotation name="android.support.annotation.IntDef">
      <val name="value" val="{com.wingoflights.pilotstation.api.lib.drone.companion.solo.tlv.SoloGoproConstants.STOP_RECORDING, com.wingoflights.pilotstation.api.lib.drone.companion.solo.tlv.SoloGoproConstants.START_RECORDING, com.wingoflights.pilotstation.api.lib.drone.companion.solo.tlv.SoloGoproConstants.TOGGLE_RECORDING}" />
    </annotation>
  </item>
</root>

