<?xml version="1.0" encoding="UTF-8"?>
<root>
  <item name="com.wingoflights.pilotstation.api.lib.gcs.returnToMe.ReturnToMeState ReturnToMeState(int) 0">
    <annotation name="android.support.annotation.IntDef">
      <val name="value" val="{com.wingoflights.pilotstation.api.lib.gcs.returnToMe.ReturnToMeState.STATE_IDLE, com.wingoflights.pilotstation.api.lib.gcs.returnToMe.ReturnToMeState.STATE_USER_LOCATION_UNAVAILABLE, com.wingoflights.pilotstation.api.lib.gcs.returnToMe.ReturnToMeState.STATE_USER_LOCATION_INACCURATE, com.wingoflights.pilotstation.api.lib.gcs.returnToMe.ReturnToMeState.STATE_WAITING_FOR_VEHICLE_GPS, com.wingoflights.pilotstation.api.lib.gcs.returnToMe.ReturnToMeState.STATE_UPDATING_HOME, com.wingoflights.pilotstation.api.lib.gcs.returnToMe.ReturnToMeState.STATE_ERROR_UPDATING_HOME}" />
    </annotation>
  </item>
  <item name="com.wingoflights.pilotstation.api.lib.gcs.returnToMe.ReturnToMeState int getState()">
    <annotation name="android.support.annotation.IntDef">
      <val name="value" val="{com.wingoflights.pilotstation.api.lib.gcs.returnToMe.ReturnToMeState.STATE_IDLE, com.wingoflights.pilotstation.api.lib.gcs.returnToMe.ReturnToMeState.STATE_USER_LOCATION_UNAVAILABLE, com.wingoflights.pilotstation.api.lib.gcs.returnToMe.ReturnToMeState.STATE_USER_LOCATION_INACCURATE, com.wingoflights.pilotstation.api.lib.gcs.returnToMe.ReturnToMeState.STATE_WAITING_FOR_VEHICLE_GPS, com.wingoflights.pilotstation.api.lib.gcs.returnToMe.ReturnToMeState.STATE_UPDATING_HOME, com.wingoflights.pilotstation.api.lib.gcs.returnToMe.ReturnToMeState.STATE_ERROR_UPDATING_HOME}" />
    </annotation>
  </item>
  <item name="com.wingoflights.pilotstation.api.lib.gcs.returnToMe.ReturnToMeState state">
    <annotation name="android.support.annotation.IntDef">
      <val name="value" val="{com.wingoflights.pilotstation.api.lib.gcs.returnToMe.ReturnToMeState.STATE_IDLE, com.wingoflights.pilotstation.api.lib.gcs.returnToMe.ReturnToMeState.STATE_USER_LOCATION_UNAVAILABLE, com.wingoflights.pilotstation.api.lib.gcs.returnToMe.ReturnToMeState.STATE_USER_LOCATION_INACCURATE, com.wingoflights.pilotstation.api.lib.gcs.returnToMe.ReturnToMeState.STATE_WAITING_FOR_VEHICLE_GPS, com.wingoflights.pilotstation.api.lib.gcs.returnToMe.ReturnToMeState.STATE_UPDATING_HOME, com.wingoflights.pilotstation.api.lib.gcs.returnToMe.ReturnToMeState.STATE_ERROR_UPDATING_HOME}" />
    </annotation>
  </item>
  <item name="com.wingoflights.pilotstation.api.lib.gcs.returnToMe.ReturnToMeState void setState(int) 0">
    <annotation name="android.support.annotation.IntDef">
      <val name="value" val="{com.wingoflights.pilotstation.api.lib.gcs.returnToMe.ReturnToMeState.STATE_IDLE, com.wingoflights.pilotstation.api.lib.gcs.returnToMe.ReturnToMeState.STATE_USER_LOCATION_UNAVAILABLE, com.wingoflights.pilotstation.api.lib.gcs.returnToMe.ReturnToMeState.STATE_USER_LOCATION_INACCURATE, com.wingoflights.pilotstation.api.lib.gcs.returnToMe.ReturnToMeState.STATE_WAITING_FOR_VEHICLE_GPS, com.wingoflights.pilotstation.api.lib.gcs.returnToMe.ReturnToMeState.STATE_UPDATING_HOME, com.wingoflights.pilotstation.api.lib.gcs.returnToMe.ReturnToMeState.STATE_ERROR_UPDATING_HOME}" />
    </annotation>
  </item>
</root>

