<?xml version="1.0" encoding="UTF-8"?>
<root>
  <item name="com.wingoflights.pilotstation.service.core.drone.autopilot.apm.solo.controller.ControllerLinkListener void onControllerUnitUpdated(java.lang.String) 0">
    <annotation name="android.support.annotation.StringDef">
      <val name="value" val="{com.wingoflights.pilotstation.api.lib.drone.companion.solo.controller.SoloControllerUnits.UNKNOWN, com.wingoflights.pilotstation.api.lib.drone.companion.solo.controller.SoloControllerUnits.METRIC, com.wingoflights.pilotstation.api.lib.drone.companion.solo.controller.SoloControllerUnits.IMPERIAL}" />
    </annotation>
  </item>
  <item name="com.wingoflights.pilotstation.service.core.drone.autopilot.apm.solo.controller.ControllerLinkManager int getControllerMode()">
    <annotation name="android.support.annotation.IntDef">
      <val name="value" val="{com.wingoflights.pilotstation.api.lib.drone.companion.solo.controller.SoloControllerMode.UNKNOWN_MODE, com.wingoflights.pilotstation.api.lib.drone.companion.solo.controller.SoloControllerMode.MODE_1, com.wingoflights.pilotstation.api.lib.drone.companion.solo.controller.SoloControllerMode.MODE_2}" />
    </annotation>
  </item>
  <item name="com.wingoflights.pilotstation.service.core.drone.autopilot.apm.solo.controller.ControllerLinkManager java.lang.String getControllerUnit()">
    <annotation name="android.support.annotation.StringDef">
      <val name="value" val="{com.wingoflights.pilotstation.api.lib.drone.companion.solo.controller.SoloControllerUnits.UNKNOWN, com.wingoflights.pilotstation.api.lib.drone.companion.solo.controller.SoloControllerUnits.METRIC, com.wingoflights.pilotstation.api.lib.drone.companion.solo.controller.SoloControllerUnits.IMPERIAL}" />
    </annotation>
  </item>
  <item name="com.wingoflights.pilotstation.service.core.drone.autopilot.apm.solo.controller.ControllerLinkManager void setControllerMode(int) 0">
    <annotation name="android.support.annotation.IntDef">
      <val name="value" val="{com.wingoflights.pilotstation.api.lib.drone.companion.solo.controller.SoloControllerMode.UNKNOWN_MODE, com.wingoflights.pilotstation.api.lib.drone.companion.solo.controller.SoloControllerMode.MODE_1, com.wingoflights.pilotstation.api.lib.drone.companion.solo.controller.SoloControllerMode.MODE_2}" />
    </annotation>
  </item>
  <item name="com.wingoflights.pilotstation.service.core.drone.autopilot.apm.solo.controller.ControllerLinkManager void setControllerUnit(java.lang.String) 0">
    <annotation name="android.support.annotation.StringDef">
      <val name="value" val="{com.wingoflights.pilotstation.api.lib.drone.companion.solo.controller.SoloControllerUnits.UNKNOWN, com.wingoflights.pilotstation.api.lib.drone.companion.solo.controller.SoloControllerUnits.METRIC, com.wingoflights.pilotstation.api.lib.drone.companion.solo.controller.SoloControllerUnits.IMPERIAL}" />
    </annotation>
  </item>
  <item name="com.wingoflights.pilotstation.service.core.drone.autopilot.apm.solo.controller.ControllerLinkManager void updateControllerMode(int, com.wingoflights.pilotstation.api.lib.model.ICommandListener) 0">
    <annotation name="android.support.annotation.IntDef">
      <val name="value" val="{com.wingoflights.pilotstation.api.lib.drone.companion.solo.controller.SoloControllerMode.UNKNOWN_MODE, com.wingoflights.pilotstation.api.lib.drone.companion.solo.controller.SoloControllerMode.MODE_1, com.wingoflights.pilotstation.api.lib.drone.companion.solo.controller.SoloControllerMode.MODE_2}" />
    </annotation>
  </item>
  <item name="com.wingoflights.pilotstation.service.core.drone.autopilot.apm.solo.controller.ControllerLinkManager void updateControllerUnit(java.lang.String, com.wingoflights.pilotstation.api.lib.model.ICommandListener) 0">
    <annotation name="android.support.annotation.StringDef">
      <val name="value" val="{com.wingoflights.pilotstation.api.lib.drone.companion.solo.controller.SoloControllerUnits.UNKNOWN, com.wingoflights.pilotstation.api.lib.drone.companion.solo.controller.SoloControllerUnits.METRIC, com.wingoflights.pilotstation.api.lib.drone.companion.solo.controller.SoloControllerUnits.IMPERIAL}" />
    </annotation>
  </item>
</root>

