<?xml version="1.0" encoding="UTF-8"?>
<root>
  <item name="com.wingoflights.pilotstation.api.lib.drone.companion.solo.SoloState SoloState(java.lang.String, java.lang.String, java.lang.String, java.lang.String, java.lang.String, java.lang.String, boolean, android.util.SparseArray&lt;com.wingoflights.pilotstation.api.lib.drone.companion.solo.tlv.SoloButtonSetting&gt;, java.lang.String, int, java.lang.String) 10">
    <annotation name="android.support.annotation.StringDef">
      <val name="value" val="{com.wingoflights.pilotstation.api.lib.drone.companion.solo.controller.SoloControllerUnits.UNKNOWN, com.wingoflights.pilotstation.api.lib.drone.companion.solo.controller.SoloControllerUnits.METRIC, com.wingoflights.pilotstation.api.lib.drone.companion.solo.controller.SoloControllerUnits.IMPERIAL}" />
    </annotation>
  </item>
  <item name="com.wingoflights.pilotstation.api.lib.drone.companion.solo.SoloState SoloState(java.lang.String, java.lang.String, java.lang.String, java.lang.String, java.lang.String, java.lang.String, boolean, android.util.SparseArray&lt;com.wingoflights.pilotstation.api.lib.drone.companion.solo.tlv.SoloButtonSetting&gt;, java.lang.String, int, java.lang.String) 9">
    <annotation name="android.support.annotation.IntDef">
      <val name="value" val="{com.wingoflights.pilotstation.api.lib.drone.companion.solo.controller.SoloControllerMode.UNKNOWN_MODE, com.wingoflights.pilotstation.api.lib.drone.companion.solo.controller.SoloControllerMode.MODE_1, com.wingoflights.pilotstation.api.lib.drone.companion.solo.controller.SoloControllerMode.MODE_2}" />
    </annotation>
  </item>
  <item name="com.wingoflights.pilotstation.api.lib.drone.companion.solo.SoloState controllerMode">
    <annotation name="android.support.annotation.IntDef">
      <val name="value" val="{com.wingoflights.pilotstation.api.lib.drone.companion.solo.controller.SoloControllerMode.UNKNOWN_MODE, com.wingoflights.pilotstation.api.lib.drone.companion.solo.controller.SoloControllerMode.MODE_1, com.wingoflights.pilotstation.api.lib.drone.companion.solo.controller.SoloControllerMode.MODE_2}" />
    </annotation>
  </item>
  <item name="com.wingoflights.pilotstation.api.lib.drone.companion.solo.SoloState controllerUnit">
    <annotation name="android.support.annotation.StringDef">
      <val name="value" val="{com.wingoflights.pilotstation.api.lib.drone.companion.solo.controller.SoloControllerUnits.UNKNOWN, com.wingoflights.pilotstation.api.lib.drone.companion.solo.controller.SoloControllerUnits.METRIC, com.wingoflights.pilotstation.api.lib.drone.companion.solo.controller.SoloControllerUnits.IMPERIAL}" />
    </annotation>
  </item>
  <item name="com.wingoflights.pilotstation.api.lib.drone.companion.solo.SoloState int getControllerMode()">
    <annotation name="android.support.annotation.IntDef">
      <val name="value" val="{com.wingoflights.pilotstation.api.lib.drone.companion.solo.controller.SoloControllerMode.UNKNOWN_MODE, com.wingoflights.pilotstation.api.lib.drone.companion.solo.controller.SoloControllerMode.MODE_1, com.wingoflights.pilotstation.api.lib.drone.companion.solo.controller.SoloControllerMode.MODE_2}" />
    </annotation>
  </item>
  <item name="com.wingoflights.pilotstation.api.lib.drone.companion.solo.SoloState java.lang.String getControllerUnit()">
    <annotation name="android.support.annotation.StringDef">
      <val name="value" val="{com.wingoflights.pilotstation.api.lib.drone.companion.solo.controller.SoloControllerUnits.UNKNOWN, com.wingoflights.pilotstation.api.lib.drone.companion.solo.controller.SoloControllerUnits.METRIC, com.wingoflights.pilotstation.api.lib.drone.companion.solo.controller.SoloControllerUnits.IMPERIAL}" />
    </annotation>
  </item>
</root>

