<?xml version="1.0" encoding="UTF-8"?>
<root>
  <item name="com.wingoflights.pilotstation.service.core.drone.autopilot.apm.solo.SoloComp int getControllerMode()">
    <annotation name="android.support.annotation.IntDef">
      <val name="value" val="{com.wingoflights.pilotstation.api.lib.drone.companion.solo.controller.SoloControllerMode.UNKNOWN_MODE, com.wingoflights.pilotstation.api.lib.drone.companion.solo.controller.SoloControllerMode.MODE_1, com.wingoflights.pilotstation.api.lib.drone.companion.solo.controller.SoloControllerMode.MODE_2}" />
    </annotation>
  </item>
  <item name="com.wingoflights.pilotstation.service.core.drone.autopilot.apm.solo.SoloComp java.lang.String getControllerUnit()">
    <annotation name="android.support.annotation.StringDef">
      <val name="value" val="{com.wingoflights.pilotstation.api.lib.drone.companion.solo.controller.SoloControllerUnits.UNKNOWN, com.wingoflights.pilotstation.api.lib.drone.companion.solo.controller.SoloControllerUnits.METRIC, com.wingoflights.pilotstation.api.lib.drone.companion.solo.controller.SoloControllerUnits.IMPERIAL}" />
    </annotation>
  </item>
  <item name="com.wingoflights.pilotstation.service.core.drone.autopilot.apm.solo.SoloComp void updateControllerMode(int, com.wingoflights.pilotstation.api.lib.model.ICommandListener) 0">
    <annotation name="android.support.annotation.IntDef">
      <val name="value" val="{com.wingoflights.pilotstation.api.lib.drone.companion.solo.controller.SoloControllerMode.UNKNOWN_MODE, com.wingoflights.pilotstation.api.lib.drone.companion.solo.controller.SoloControllerMode.MODE_1, com.wingoflights.pilotstation.api.lib.drone.companion.solo.controller.SoloControllerMode.MODE_2}" />
    </annotation>
  </item>
  <item name="com.wingoflights.pilotstation.service.core.drone.autopilot.apm.solo.SoloComp void updateControllerUnit(java.lang.String, com.wingoflights.pilotstation.api.lib.model.ICommandListener) 0">
    <annotation name="android.support.annotation.StringDef">
      <val name="value" val="{com.wingoflights.pilotstation.api.lib.drone.companion.solo.controller.SoloControllerUnits.UNKNOWN, com.wingoflights.pilotstation.api.lib.drone.companion.solo.controller.SoloControllerUnits.METRIC, com.wingoflights.pilotstation.api.lib.drone.companion.solo.controller.SoloControllerUnits.IMPERIAL}" />
    </annotation>
  </item>
</root>

